<?xml version="1.0" encoding="UTF-8"?>

    
    <beans xmlns="http://www.springframework.org/schema/beans"
    xmlns:xsi="http://www.w3.org/2001/XMLSchema-instance"
    xmlns:context="http://www.springframework.org/schema/context"
    xmlns:mvc="http://www.springframework.org/schema/mvc"
    xmlns:tx="http://www.springframework.org/schema/tx"
    xsi:schemaLocation="http://www.springframework.org/schema/beans http://www.springframework.org/schema/beans/spring-beans.xsd
        http://www.springframework.org/schema/context http://www.springframework.org/schema/context/spring-context-3.1.xsd
        http://www.springframework.org/schema/mvc  http://www.springframework.org/schema/mvc/spring-mvc-3.0.xsd
        http://www.springframework.org/schema/tx  http://www.springframework.org/schema/tx/spring-tx.xsd">
  
  
    
    <context:component-scan base-package="com.uxpsystems.assignment.controller"></context:component-scan>
  
    
    <context:component-scan base-package="com.uxpsystems.assignment.service"/>
    <context:component-scan base-package="com.uxpsystems.assignment.dao"/>
      <context:annotation-config></context:annotation-config>
    
    
     <bean id="userDao" class="com.uxpsystems.assignment.dao.impl.UserDaoImpl">
		<property name="sessionFactory" ref="sessionFactory" />
	</bean>
	
	 <bean id="userService" class="com.uxpsystems.assignment.service.impl.UserServiceImpl">
		<property name="userDao" ref="userDao"></property>
	</bean>
    <bean id="userController" class="com.uxpsystems.assignment.controller.UserController">
		<property name="userService" ref="userService"></property>
	</bean>
   
   
	

    
    <bean class="org.springframework.web.servlet.view.InternalResourceViewResolver">
    <property name="prefix" value="/jsp/"></property>
    <property name="suffix" value=".jsp"></property>
    </bean>
    
    <bean id="mydataSource" class="com.mchange.v2.c3p0.ComboPooledDataSource" destroy-method="close">
    
    <property name="driverClass" value="com.mysql.jdbc.Driver"></property>
    <property name="jdbcUrl" value="jdbc:mysql://127.0.0.1:3306/assignmentdb"></property>
    <property name="user" value="root"></property>
    <property name="password" value="root"></property>
    
    <property name="minPoolSize" value="5"></property>
    <property name="maxPoolSize" value="10"></property>
    <property name="maxIdleTime" value="30000"></property>
    </bean>
     <bean id="sessionFactory" class="org.springframework.orm.hibernate5.LocalSessionFactoryBean">
    <property name="dataSource" ref="mydataSource"></property>
    <property name="packagesToScan" value="com.uxpsystems.assignment.model"> </property>
    
    <property name="hibernateProperties">
    <props>
    <prop key="hiberante.dialect">org.hibernate.dialect.MySQLDialect</prop>
    <prop key="hiberante.hbm2ddl.auto">update</prop>
    <prop key="hiberante.show_sql">true</prop>
    <prop key="hiberante.format_Sql">true</prop>
    </props>
    </property>
    
    </bean>
    
     <tx:annotation-driven  transaction-manager="mytransactionManager"/>
     <bean id="mytransactionManager" class="org.springframework.orm.hibernate5.HibernateTransactionManager">
      <property name="sessionFactory" ref="sessionFactory"></property> </bean>
    
   
     
   <!--  <bean class="org.springframework.beans.factory.config.PropertyPlaceHolderConfigurer">
    <property name="locations">
    <array><value>/WEB-INF/database.properties</value></array>
    </property>
    </bean>  -->
    </beans>
    
    